user_id,email,role,last_login
U-1,dev1@startup.io,Editor,2025-05-12
U-2,dev2@startup.io,Editor,2024-07-18
U-3,dev3@startup.io,User,2024-03-29
U-4,dev4@startup.io,User,2025-02-10
U-5,dev5@startup.io,Admin,2025-01-19
U-6,dev6@startup.io,Admin,2025-01-31
U-7,dev7@startup.io,User,2025-02-28
U-8,dev8@startup.io,Editor,2024-12-20
U-9,dev9@startup.io,User,2025-02-01
U-10,dev10@startup.io,Admin,2024-05-24
U-11,dev11@startup.io,Editor,2024-01-25
U-12,dev12@startup.io,User,2024-09-04
U-13,dev13@startup.io,User,2025-05-07
U-14,dev14@startup.io,User,2024-01-26
U-15,dev15@startup.io,Admin,2024-12-30
U-16,dev16@startup.io,Editor,2025-04-19
U-17,dev17@startup.io,Admin,2025-05-17
U-18,dev18@startup.io,User,2024-09-06
U-19,dev19@startup.io,Admin,2024-03-30
U-20,dev20@startup.io,User,2024-03-18
U-21,dev21@startup.io,Editor,2025-12-06
U-22,dev22@startup.io,Editor,2025-12-28
U-23,dev23@startup.io,User,2024-03-01
U-24,dev24@startup.io,User,2025-10-07
U-25,dev25@startup.io,Editor,2025-10-31
U-26,dev26@startup.io,Admin,2025-07-23
U-27,dev27@startup.io,User,2026-01-01
U-28,dev28@startup.io,User,2025-07-06
U-29,dev29@startup.io,Editor,2025-10-06
U-30,dev30@startup.io,Editor,2025-10-24
U-31,dev31@startup.io,User,2024-11-12
U-32,dev32@startup.io,User,2025-12-18
U-33,dev33@startup.io,Admin,2026-02-21
U-34,dev34@startup.io,Admin,2025-09-09
U-35,dev35@startup.io,User,2026-02-02
U-36,dev36@startup.io,Admin,2025-11-02
U-37,dev37@startup.io,User,2024-02-01
U-38,dev38@startup.io,Admin,2024-12-17
U-39,dev39@startup.io,Admin,2025-03-03
U-40,dev40@startup.io,User,2025-08-20
U-41,dev41@startup.io,Editor,2024-01-22
U-42,dev42@startup.io,Admin,2025-05-25
U-43,dev43@startup.io,Editor,2024-09-06
U-44,dev44@startup.io,User,2025-05-24
U-45,dev45@startup.io,User,2024-07-13
U-46,dev46@startup.io,User,2025-01-26
U-47,dev47@startup.io,Editor,2025-08-28
U-48,dev48@startup.io,Admin,2025-05-18
U-49,dev49@startup.io,Editor,2024-01-01
U-50,dev50@startup.io,User,2025-08-31